id,time,temperature,humidity,air_flow,mrt,pmv,thermal_comfort,pmv_aktual
735,2025-05-21 07:51:50.734619,29.9,86.3,0.02,29.03,1.7382,Slightly Warm,1.86
736,2025-05-21 07:52:20.223999,29.9,86.3,0.05,29.03,1.7251,Slightly Warm,1.86
737,2025-05-21 07:52:50.503462,29.9,86.5,0.07,28.96,1.6966,Slightly Warm,1.82
738,2025-05-21 07:53:20.237159,29.8,86.5,0.1,28.9,1.6669,Slightly Warm,1.75
739,2025-05-21 07:53:50.505318,29.8,86.4,0.12,28.88,1.6513,Slightly Warm,1.72
740,2025-05-21 07:54:20.413901,29.8,86.4,0.15,28.86,1.6484,Slightly Warm,1.69
741,2025-05-21 07:54:50.925707,29.8,86.4,0.17,28.84,1.522,Slightly Warm,1.61
742,2025-05-21 07:55:20.646576,29.8,86.4,0.2,28.74,1.369,Slightly Warm,1.51
743,2025-05-21 07:55:50.96385,29.8,86.2,0.22,28.72,1.3036,Slightly Warm,1.45
744,2025-05-21 07:56:20.85976,29.8,86.2,0.25,28.62,1.2238,Slightly Warm,1.36
745,2025-05-21 07:56:51.201969,29.8,86.2,0.24,28.62,1.2846,Slightly Warm,1.39
746,2025-05-21 07:57:21.054515,29.8,86.2,0.24,28.62,1.2846,Slightly Warm,1.39
747,2025-05-21 07:57:51.376819,29.8,86.1,0.24,28.62,1.2846,Slightly Warm,1.38
748,2025-05-21 07:58:21.281123,29.8,85.9,0.25,28.62,1.2238,Slightly Warm,1.36
749,2025-05-21 07:58:51.575274,29.7,86.0,0.24,28.66,1.2532,Slightly Warm,1.36
750,2025-05-21 07:59:21.496653,29.7,85.9,0.24,28.66,1.2532,Slightly Warm,1.36
751,2025-05-21 07:59:52.001171,29.7,85.9,0.24,28.57,1.2399,Slightly Warm,1.35
752,2025-05-21 08:00:21.906565,29.8,85.9,0.24,28.54,1.2712,Slightly Warm,1.37
753,2025-05-21 08:00:52.000844,29.7,86.0,0.25,28.57,1.181,Slightly Warm,1.33
754,2025-05-21 08:01:22.112327,29.8,85.9,0.24,28.54,1.2712,Slightly Warm,1.37
755,2025-05-21 08:01:52.196104,29.8,85.9,0.25,28.53,1.2105,Slightly Warm,1.35
756,2025-05-21 08:02:22.188547,29.7,85.9,0.25,28.56,1.181,Slightly Warm,1.33
757,2025-05-21 08:02:52.411773,29.7,85.6,0.25,28.48,1.1786,Slightly Warm,1.32
758,2025-05-21 08:03:22.347302,29.7,85.8,0.24,28.57,1.2399,Slightly Warm,1.35
759,2025-05-21 08:03:52.654927,29.7,85.9,0.23,28.5,1.2443,Slightly Warm,1.37
760,2025-05-21 08:04:22.76976,29.7,85.5,0.22,28.5,1.2507,Slightly Warm,1.39
761,2025-05-21 08:04:52.843054,29.7,85.4,0.22,28.51,1.2507,Slightly Warm,1.39
762,2025-05-21 08:05:22.7486,29.7,85.5,0.22,28.59,1.2688,Slightly Warm,1.4
763,2025-05-21 08:05:53.043801,29.7,85.5,0.21,28.59,1.319,Slightly Warm,1.42
764,2025-05-21 08:06:22.977982,29.7,85.3,0.22,28.51,1.2507,Slightly Warm,1.39
765,2025-05-21 08:06:53.454585,29.7,85.2,0.22,28.51,1.2507,Slightly Warm,1.38
766,2025-05-21 08:10:10.736644,29.9,87.6,0.09,28.73,1.6519,Slightly Warm,1.77
767,2025-05-21 08:10:40.432422,29.9,87.7,0.19,28.63,1.4486,Slightly Warm,1.55
768,2025-05-21 08:11:10.691636,29.8,87.9,0.28,28.6,1.1599,Slightly Warm,1.32
769,2025-05-21 08:11:40.600027,29.8,87.9,0.37,28.44,0.988,Normal,1.16
770,2025-05-21 08:12:10.937084,29.8,87.6,0.47,28.38,0.8808,Normal,1.03
771,2025-05-21 08:14:13.112677,29.8,88.7,0.03,28.9,1.7144,Slightly Warm,1.84
772,2025-05-21 08:14:43.005528,29.9,88.9,0.07,28.8,1.6884,Slightly Warm,1.82
773,2025-05-21 08:15:13.140963,29.8,89.3,0.16,28.77,1.6127,Slightly Warm,1.67
774,2025-05-21 08:15:43.012983,29.9,88.3,0.26,28.66,1.2151,Slightly Warm,1.39
775,2025-05-21 08:16:13.325962,29.9,86.9,0.35,28.59,1.0271,Slightly Warm,1.21
776,2025-05-21 08:16:43.235182,29.9,86.5,0.44,28.54,0.892,Normal,1.09
777,2025-05-21 08:17:13.303342,29.8,86.5,0.53,28.64,0.8459,Normal,0.98
778,2025-05-21 08:17:43.43193,29.8,86.4,0.63,28.59,0.7223,Normal,0.9
779,2025-05-21 08:18:13.803169,29.8,86.4,0.72,28.55,0.6151,Normal,0.83
780,2025-05-21 08:18:43.657611,29.8,86.4,0.82,28.52,0.5849,Normal,0.77
781,2025-05-21 08:19:13.956987,29.8,86.6,0.88,28.49,0.5829,Normal,0.75
782,2025-05-21 08:19:43.853771,29.8,86.5,0.94,28.59,0.5977,Normal,0.73
783,2025-05-21 08:20:13.977666,29.8,86.5,0.94,28.59,0.5977,Normal,0.73
784,2025-05-21 08:22:09.267506,30.0,86.8,0.09,29.09,1.7007,Slightly Warm,1.83
785,2025-05-21 08:22:39.179575,29.9,86.9,0.19,29.05,1.4852,Slightly Warm,1.6
786,2025-05-21 08:25:24.447007,30.1,86.0,0.09,29.14,1.7218,Slightly Warm,1.85
787,2025-05-21 08:27:58.437164,30.1,85.6,0.09,29.22,1.7608,Slightly Warm,1.86
788,2025-05-21 08:28:28.433286,30.1,85.5,0.19,29.15,1.5415,Slightly Warm,1.64
789,2025-05-21 08:33:45.761755,30.1,85.5,0.09,29.29,1.7608,Slightly Warm,1.87
790,2025-05-21 08:34:50.07195,30.1,85.9,0.19,29.31,1.5596,Slightly Warm,1.67
791,2025-05-21 08:35:20.001039,30.1,85.9,0.28,29.26,1.3045,Slightly Warm,1.44
792,2025-05-21 08:35:50.311759,30.1,85.7,0.36,29.14,1.1586,Slightly Warm,1.29
793,2025-05-21 08:36:20.191066,30.1,86.0,0.45,29.09,0.9615,Slightly Warm,1.18
794,2025-05-21 08:36:50.503152,30.1,86.0,0.54,29.06,0.8776,Normal,1.09
795,2025-05-21 08:37:20.41515,30.2,86.2,0.62,28.96,0.8367,Normal,1.04
796,2025-05-21 08:37:53.834638,30.1,86.3,0.71,28.99,0.6603,Normal,0.96
797,2025-05-21 08:38:20.611543,30.1,86.0,0.8,28.96,0.6411,Normal,0.9
798,2025-05-21 08:38:59.733342,30.2,85.9,0.89,28.96,0.6324,Normal,0.88
799,2025-05-21 08:41:08.95025,30.3,84.8,0.08,29.4,1.7989,Slightly Warm,1.93
800,2025-05-21 08:41:48.193508,30.3,84.8,0.18,29.34,1.5652,Slightly Warm,1.73
801,2025-05-21 08:44:32.113979,30.2,85.5,0.09,29.5,1.8392,Slightly Warm,1.92
802,2025-05-21 08:45:01.827436,30.3,85.4,0.19,29.41,1.5705,Slightly Warm,1.71
803,2025-05-21 08:45:32.131096,30.2,85.3,0.28,29.31,1.3159,Slightly Warm,1.46
804,2025-05-21 08:46:30.268314,30.3,86.4,0.37,29.31,1.1541,Slightly Warm,1.35
805,2025-05-21 08:48:06.447382,30.3,86.1,0.09,29.48,1.8469,Slightly Warm,1.94
806,2025-05-21 08:48:19.348466,30.3,86.1,0.19,29.33,1.5559,Slightly Warm,1.71
807,2025-05-21 08:48:49.453435,30.3,86.7,0.28,29.27,1.308,Slightly Warm,1.5
808,2025-05-21 08:49:19.72741,30.2,87.4,0.36,29.27,1.1644,Slightly Warm,1.35
809,2025-05-21 08:49:49.665702,30.2,86.8,0.45,29.23,1.063,Slightly Warm,1.23
810,2025-05-21 08:50:20.001834,30.2,86.6,0.52,29.2,1.0342,Slightly Warm,1.15
811,2025-05-21 08:50:49.846935,30.3,88.6,0.61,29.1,0.9152,Normal,1.13
812,2025-05-21 08:51:20.175151,30.3,88.9,0.7,29.07,0.7132,Normal,1.07
813,2025-05-21 08:51:50.058217,30.3,88.1,0.77,29.04,0.6992,Normal,1.02
814,2025-05-21 08:52:20.400336,30.3,87.1,0.86,29.0,0.6811,Normal,0.95
815,2025-05-21 08:52:50.281983,30.2,87.1,0.83,29.09,0.7012,Normal,0.94
816,2025-05-21 08:53:20.597081,30.3,87.1,0.82,29.02,0.6881,Normal,0.97
817,2025-05-21 08:53:50.515259,30.3,87.0,0.82,29.02,0.6881,Normal,0.96
818,2025-05-21 08:54:20.845364,30.3,87.1,0.82,29.02,0.6881,Normal,0.97
819,2025-05-21 08:54:50.902732,30.2,87.1,0.83,29.09,0.7012,Normal,0.94
820,2025-05-21 08:55:21.029508,30.2,87.0,0.83,29.09,0.7012,Normal,0.94
821,2025-05-21 08:55:50.937279,30.2,87.0,0.82,29.09,0.6993,Normal,0.95
822,2025-05-21 08:56:21.296478,30.2,87.6,0.83,29.09,0.7012,Normal,0.95
823,2025-05-21 08:56:51.652068,30.3,88.1,0.83,29.02,0.69,Normal,0.98
824,2025-05-21 08:57:21.495531,30.3,88.8,0.81,29.02,0.6901,Normal,1.01
825,2025-05-21 08:57:51.702012,30.3,87.8,0.84,29.01,0.69,Normal,0.97
826,2025-05-21 08:58:21.623886,30.3,87.5,0.84,29.01,0.69,Normal,0.96
827,2025-05-21 08:58:51.658625,30.3,88.0,0.83,29.02,0.69,Normal,0.98
828,2025-05-21 08:59:21.873343,30.4,88.9,0.83,29.05,0.7574,Normal,1.03
829,2025-05-21 08:59:51.783612,30.4,88.9,0.83,29.05,0.7574,Normal,1.03
830,2025-05-21 09:00:22.082393,30.4,88.6,0.84,29.05,0.7574,Normal,1.02
831,2025-05-21 09:00:52.179276,30.4,88.6,0.85,29.04,0.757,Normal,1.01
832,2025-05-21 09:01:22.289119,30.4,88.7,0.85,29.04,0.757,Normal,1.01
833,2025-05-21 09:01:51.994243,30.4,88.3,0.87,29.15,0.8378,Normal,1.01
834,2025-05-21 09:02:22.318936,30.4,88.1,0.9,29.14,0.8208,Normal,0.99
835,2025-05-21 09:02:52.203722,30.4,88.0,0.89,29.14,0.8219,Normal,0.99
836,2025-05-21 09:03:22.529741,30.4,87.5,0.91,29.13,0.8208,Normal,0.97
837,2025-05-21 09:09:57.892607,30.7,86.5,0.08,29.77,1.9474,Slightly Warm,2.07
838,2025-05-21 09:19:51.561517,30.7,85.6,0.09,30.0,1.9429,Slightly Warm,2.08
839,2025-05-21 09:23:20.934918,30.9,85.3,0.08,30.03,1.9649,Warm,2.13
840,2025-05-21 09:26:36.090786,30.9,85.2,0.09,30.11,1.9615,Warm,2.13
841,2025-05-21 09:28:47.602225,30.9,84.4,0.09,30.11,1.9615,Warm,2.12
842,2025-05-21 09:30:23.05542,30.9,84.9,0.09,30.11,1.9615,Warm,2.13
843,2025-05-21 09:30:52.964469,30.9,85.0,0.19,30.05,1.8344,Slightly Warm,1.92
844,2025-05-21 09:31:23.267499,30.9,84.8,0.28,29.91,1.5821,Slightly Warm,1.69
845,2025-05-21 09:33:00.739256,30.9,84.8,0.09,30.11,1.9615,Warm,2.13
846,2025-05-21 10:03:09.874979,31.2,78.4,0.09,30.96,2.1579,Warm,2.24
847,2025-05-21 10:04:33.207953,31.2,77.9,0.08,30.81,2.1159,Warm,2.22
848,2025-05-21 10:04:59.307137,31.1,77.6,0.17,30.73,2.0135,Slightly Warm,2.03
849,2025-05-21 10:05:29.726065,31.1,77.6,0.27,30.62,1.6734,Slightly Warm,1.73
850,2025-05-21 10:05:59.723913,31.0,77.7,0.35,30.55,1.5326,Slightly Warm,1.56
851,2025-05-21 10:06:30.012802,30.9,77.9,0.4,30.49,1.4486,Slightly Warm,1.46
852,2025-05-21 10:06:59.702614,31.0,78.2,0.45,30.43,1.4169,Slightly Warm,1.42
853,2025-05-21 10:07:30.249364,30.9,78.5,0.49,30.38,1.3127,Slightly Warm,1.35
854,2025-05-21 10:07:59.928294,30.9,78.2,0.53,30.27,1.2752,Slightly Warm,1.29
855,2025-05-21 10:08:30.513728,30.9,78.5,0.58,30.26,1.2464,Slightly Warm,1.25
856,2025-05-21 10:09:00.138394,30.9,78.6,0.63,30.25,1.2145,Slightly Warm,1.21
857,2025-05-21 10:09:30.670578,30.9,78.6,0.63,30.15,1.2124,Slightly Warm,1.2
858,2025-05-21 10:10:00.345862,30.9,78.5,0.62,30.15,1.2258,Slightly Warm,1.21
859,2025-05-21 10:10:30.76298,30.9,78.6,0.62,30.15,1.2258,Slightly Warm,1.21
860,2025-05-21 10:11:00.799581,30.9,78.4,0.63,30.15,1.2124,Slightly Warm,1.2
861,2025-05-21 10:11:31.29233,30.9,78.1,0.63,30.04,1.2124,Slightly Warm,1.18
862,2025-05-21 10:12:01.097046,30.9,77.6,0.64,30.04,1.2191,Slightly Warm,1.17
863,2025-05-21 10:12:34.809507,30.9,77.4,0.66,30.04,1.2197,Slightly Warm,1.15
864,2025-05-21 10:13:02.003931,30.8,77.5,0.67,30.0,1.1901,Slightly Warm,1.11
865,2025-05-21 10:13:31.089434,30.8,77.4,0.69,29.99,1.1293,Slightly Warm,1.1
866,2025-05-21 10:14:01.195278,30.8,76.9,0.72,29.88,1.1023,Normal,1.06
867,2025-05-21 10:14:31.517213,30.8,77.0,0.7,29.88,1.1046,Slightly Warm,1.07
868,2025-05-21 10:15:01.433727,30.8,77.0,0.68,29.89,1.1027,Slightly Warm,1.09
869,2025-05-21 10:15:31.537193,30.8,77.0,0.66,29.89,1.1673,Slightly Warm,1.1
870,2025-05-21 10:16:01.411595,30.8,76.7,0.65,29.8,1.1695,Slightly Warm,1.09
871,2025-05-21 10:16:31.768656,30.8,76.7,0.65,29.8,1.1695,Slightly Warm,1.09
872,2025-05-21 10:17:01.627529,30.8,76.6,0.65,29.8,1.1695,Slightly Warm,1.09
873,2025-05-21 10:17:35.739974,30.7,76.6,0.67,29.75,1.1175,Slightly Warm,1.05
874,2025-05-21 10:18:01.857051,30.8,76.7,0.71,29.67,1.0874,Normal,1.04
875,2025-05-21 10:18:35.444471,30.7,76.5,0.7,29.74,1.0544,Normal,1.03
876,2025-05-21 10:19:02.091889,30.7,76.5,0.7,29.74,1.0544,Normal,1.03
877,2025-05-21 10:19:35.871217,30.7,77.6,0.7,29.64,1.0552,Normal,1.04
878,2025-05-21 10:20:02.290881,30.7,77.0,0.72,29.63,1.0291,Normal,1.01
879,2025-05-21 10:20:32.608102,30.7,77.2,0.7,29.64,1.0267,Normal,1.03
880,2025-05-21 10:21:02.4828,30.7,77.8,0.68,29.64,1.0612,Slightly Warm,1.05
881,2025-05-21 10:21:32.807456,30.8,77.6,0.67,29.58,1.152,Slightly Warm,1.07
882,2025-05-21 10:22:03.089133,30.8,77.0,0.67,29.48,1.1233,Normal,1.05
883,2025-05-21 10:22:33.032064,30.8,77.0,0.63,29.6,1.1197,Slightly Warm,1.09
884,2025-05-21 10:23:03.308335,30.8,77.1,0.62,29.6,1.1327,Slightly Warm,1.1
885,2025-05-21 10:23:37.292777,30.8,77.4,0.62,29.6,1.1628,Slightly Warm,1.11
886,2025-05-21 10:24:03.736321,30.8,77.0,0.62,29.6,1.1327,Slightly Warm,1.1
887,2025-05-21 10:24:33.627017,30.8,76.6,0.63,29.6,1.1197,Slightly Warm,1.09
888,2025-05-21 10:25:04.029652,30.8,76.6,0.62,29.6,1.1327,Slightly Warm,1.1
889,2025-05-21 10:25:33.65096,30.7,77.3,0.62,29.67,1.1309,Slightly Warm,1.09
890,2025-05-21 10:26:03.558173,30.8,76.7,0.6,29.61,1.1262,Slightly Warm,1.12
891,2025-05-21 10:26:33.839478,30.7,76.8,0.59,29.68,1.1271,Slightly Warm,1.11
892,2025-05-21 10:27:03.82699,30.8,76.7,0.57,29.62,1.1508,Slightly Warm,1.14
893,2025-05-21 10:27:34.052479,30.8,76.9,0.57,29.63,1.1508,Slightly Warm,1.14
894,2025-05-21 10:28:04.172333,30.8,76.9,0.55,29.63,1.1607,Slightly Warm,1.16
895,2025-05-21 10:28:34.277631,30.8,77.9,0.52,29.65,1.2255,Slightly Warm,1.2
896,2025-05-21 10:29:04.408254,30.8,78.1,0.48,29.67,1.2928,Slightly Warm,1.25
897,2025-05-21 10:30:04.600007,30.8,77.6,0.43,29.69,1.3363,Slightly Warm,1.3
898,2025-05-21 10:30:55.458979,30.8,78.0,0.47,29.67,1.2928,Slightly Warm,1.26
899,2025-05-21 10:31:04.618918,30.8,77.8,0.52,29.65,1.2255,Slightly Warm,1.2
900,2025-05-21 10:31:34.484286,30.8,78.1,0.52,29.74,1.2416,Slightly Warm,1.22
901,2025-05-21 10:32:05.067617,30.8,79.0,0.55,29.73,1.2059,Slightly Warm,1.21
902,2025-05-21 10:35:24.360308,30.9,78.5,0.09,30.11,1.9506,Warm,2.06
903,2025-05-21 10:37:23.084476,30.9,78.8,0.09,30.11,1.9549,Warm,2.07
904,2025-05-21 10:37:52.873424,31.0,78.5,0.14,30.06,1.9387,Slightly Warm,2.05
905,2025-05-21 10:39:07.138571,31.0,78.6,0.06,30.24,2.0254,Warm,2.13
906,2025-05-21 10:39:36.271793,31.0,78.4,0.13,30.22,1.9935,Warm,2.06
907,2025-05-21 10:40:03.52674,31.0,78.2,0.19,30.18,1.893,Slightly Warm,1.87
908,2025-05-21 10:40:36.252058,31.0,78.6,0.26,30.14,1.657,Slightly Warm,1.69
909,2025-05-21 10:41:03.501559,31.0,78.6,0.31,30.11,1.5288,Slightly Warm,1.58
910,2025-05-21 10:41:33.803997,31.0,78.3,0.36,30.09,1.482,Slightly Warm,1.5
911,2025-05-21 10:42:04.13596,31.0,78.0,0.46,30.05,1.3336,Slightly Warm,1.36
912,2025-05-21 10:42:33.818229,31.0,78.3,0.54,30.02,1.2406,Slightly Warm,1.28
913,2025-05-21 10:43:04.313255,31.0,79.4,0.59,30.1,1.238,Slightly Warm,1.27
914,2025-05-21 10:43:34.024124,31.0,78.9,0.64,30.08,1.2356,Slightly Warm,1.22
915,2025-05-21 10:44:04.131216,31.1,79.2,0.62,30.03,1.2518,Slightly Warm,1.26
916,2025-05-21 10:45:10.663597,31.1,78.0,0.59,30.04,1.2417,Slightly Warm,1.26
917,2025-05-21 10:45:34.673317,31.1,77.7,0.55,30.15,1.2465,Slightly Warm,1.3
918,2025-05-21 10:49:05.058539,31.2,77.6,0.46,30.14,1.3514,Slightly Warm,1.41
919,2025-05-21 10:49:52.957975,31.2,77.8,0.47,30.23,1.3779,Slightly Warm,1.41
920,2025-05-21 10:52:14.682958,31.2,78.1,0.49,30.22,1.3142,Slightly Warm,1.39
921,2025-05-21 10:52:41.332804,31.2,77.8,0.47,30.22,1.3779,Slightly Warm,1.41
922,2025-05-21 10:53:11.400882,31.2,77.4,0.5,30.21,1.3203,Slightly Warm,1.37
923,2025-05-21 10:53:41.907801,31.2,77.7,0.52,30.3,1.3262,Slightly Warm,1.37
924,2025-05-21 10:54:11.591819,31.2,77.5,0.53,30.2,1.3141,Slightly Warm,1.34
925,2025-05-21 10:54:41.93683,31.2,77.7,0.54,30.29,1.2934,Slightly Warm,1.35
926,2025-05-21 10:55:15.573899,31.2,77.2,0.54,30.3,1.2733,Slightly Warm,1.34
927,2025-05-21 10:55:41.960693,31.2,77.7,0.53,30.3,1.3141,Slightly Warm,1.36
928,2025-05-21 10:56:12.056853,31.2,77.5,0.51,30.31,1.3345,Slightly Warm,1.38
929,2025-05-21 10:56:42.33189,31.2,76.7,0.51,30.31,1.316,Slightly Warm,1.36
930,2025-05-21 10:57:12.052297,31.2,75.9,0.5,30.31,1.2926,Slightly Warm,1.36
931,2025-05-21 10:57:42.344335,31.2,75.8,0.5,30.31,1.2926,Slightly Warm,1.36
932,2025-05-21 10:58:12.284114,31.2,75.1,0.48,30.32,1.3268,Slightly Warm,1.37
933,2025-05-21 10:58:43.608322,31.2,74.9,0.48,30.32,1.3268,Slightly Warm,1.36
934,2025-05-21 10:59:12.482253,31.2,75.2,0.47,30.32,1.3216,Slightly Warm,1.38
935,2025-05-21 10:59:42.560146,31.2,75.6,0.47,30.32,1.3494,Slightly Warm,1.39
936,2025-05-21 11:00:12.91334,31.2,75.4,0.47,30.32,1.3494,Slightly Warm,1.38
937,2025-05-21 11:00:42.599443,31.2,75.4,0.47,30.32,1.3494,Slightly Warm,1.38
938,2025-05-21 11:01:16.119479,31.2,76.2,0.49,30.31,1.2917,Slightly Warm,1.37
939,2025-05-21 11:01:42.756628,31.2,76.4,0.5,30.31,1.2978,Slightly Warm,1.37
940,2025-05-21 11:02:13.128234,31.2,76.5,0.51,30.31,1.316,Slightly Warm,1.36
941,2025-05-21 11:02:43.034304,31.2,76.9,0.52,30.3,1.3077,Slightly Warm,1.35
942,2025-05-21 11:03:13.9206,31.2,77.0,0.51,30.31,1.316,Slightly Warm,1.37
943,2025-05-21 11:03:43.233191,31.2,77.3,0.5,30.31,1.2978,Slightly Warm,1.38
944,2025-05-21 11:04:13.757031,31.2,77.2,0.5,30.31,1.2978,Slightly Warm,1.38
945,2025-05-21 11:04:43.679437,31.2,77.2,0.48,30.32,1.3576,Slightly Warm,1.4
946,2025-05-21 11:05:14.201918,31.2,77.3,0.51,30.31,1.316,Slightly Warm,1.37
947,2025-05-21 11:05:43.85632,31.2,77.5,0.52,30.3,1.3262,Slightly Warm,1.37
948,2025-05-21 11:06:13.942663,31.2,77.4,0.51,30.31,1.3345,Slightly Warm,1.37
949,2025-05-21 11:06:44.073918,31.2,77.4,0.49,30.31,1.3142,Slightly Warm,1.39
950,2025-05-21 11:07:14.228643,31.2,77.4,0.48,30.32,1.3801,Slightly Warm,1.41
951,2025-05-21 11:07:44.096915,31.3,77.1,0.47,30.27,1.3759,Slightly Warm,1.43
952,2025-05-21 11:08:14.398012,31.3,77.0,0.48,30.27,1.3781,Slightly Warm,1.42
953,2025-05-21 11:09:11.535644,31.2,77.1,0.48,30.41,1.3886,Slightly Warm,1.41
954,2025-05-21 11:09:19.086482,31.3,77.1,0.47,30.27,1.3759,Slightly Warm,1.43
955,2025-05-21 11:09:44.891937,31.3,77.2,0.47,30.36,1.3759,Slightly Warm,1.44
956,2025-05-21 11:10:15.617483,31.2,77.3,0.44,30.33,1.3785,Slightly Warm,1.45
957,2025-05-21 11:10:45.155174,31.3,77.3,0.45,30.28,1.3986,Slightly Warm,1.46
958,2025-05-21 11:11:15.241593,31.3,77.2,0.44,30.28,1.3762,Slightly Warm,1.46
959,2025-05-21 11:11:45.34628,31.3,77.3,0.46,30.37,1.4053,Slightly Warm,1.45
960,2025-05-21 11:12:15.414057,31.2,77.2,0.45,30.42,1.4143,Slightly Warm,1.44
961,2025-05-21 11:12:45.518358,31.2,77.2,0.46,30.42,1.3858,Slightly Warm,1.43
962,2025-05-21 11:13:15.405269,31.3,76.8,0.46,30.37,1.4053,Slightly Warm,1.44
963,2025-05-21 11:13:45.751984,31.3,77.2,0.45,30.37,1.4287,Slightly Warm,1.46
964,2025-05-21 11:14:15.442455,31.3,77.1,0.45,30.37,1.4287,Slightly Warm,1.46
965,2025-05-21 11:14:45.970527,31.3,77.0,0.45,30.37,1.4287,Slightly Warm,1.46
966,2025-05-21 11:15:15.626845,31.3,77.0,0.46,30.37,1.4053,Slightly Warm,1.45
967,2025-05-21 11:15:46.144654,31.3,77.0,0.46,30.37,1.4053,Slightly Warm,1.45
968,2025-05-21 11:16:16.044034,31.3,76.8,0.46,30.37,1.4053,Slightly Warm,1.44
969,2025-05-21 11:16:46.393396,31.3,76.8,0.44,30.38,1.406,Slightly Warm,1.47
970,2025-05-21 11:17:16.101364,31.3,76.7,0.46,30.37,1.4053,Slightly Warm,1.44
971,2025-05-21 11:17:46.575002,31.3,76.7,0.46,30.37,1.4053,Slightly Warm,1.44
972,2025-05-21 11:20:07.904401,31.3,76.8,0.48,30.36,1.3781,Slightly Warm,1.42
973,2025-05-21 11:20:12.299417,31.3,76.8,0.47,30.46,1.4064,Slightly Warm,1.44
974,2025-05-21 11:20:46.8147,31.3,76.8,0.47,30.46,1.4064,Slightly Warm,1.44
975,2025-05-21 11:21:11.196466,31.3,76.5,0.46,30.46,1.4053,Slightly Warm,1.45
976,2025-05-21 11:21:40.873972,31.3,76.4,0.45,30.47,1.4287,Slightly Warm,1.46
977,2025-05-21 11:22:20.441079,31.3,76.4,0.43,30.48,1.4222,Slightly Warm,1.49
978,2025-05-21 11:22:41.10635,31.3,76.6,0.42,30.48,1.421,Slightly Warm,1.5
979,2025-05-21 11:23:11.42158,31.4,76.5,0.43,30.42,1.4665,Slightly Warm,1.51
980,2025-05-21 11:23:41.710076,31.4,76.3,0.42,30.43,1.4599,Slightly Warm,1.51
981,2025-05-21 11:24:12.008863,31.4,76.3,0.42,30.43,1.4599,Slightly Warm,1.51
982,2025-05-21 11:24:41.502825,31.3,76.1,0.41,30.48,1.4238,Slightly Warm,1.51
983,2025-05-21 11:25:11.825559,31.3,75.9,0.41,30.48,1.4179,Slightly Warm,1.5
984,2025-05-21 11:25:42.115842,31.3,76.4,0.41,30.48,1.4238,Slightly Warm,1.51
985,2025-05-21 11:26:14.675583,31.3,75.9,0.41,30.48,1.4179,Slightly Warm,1.5
986,2025-05-21 11:26:42.353728,31.3,75.7,0.41,30.48,1.4179,Slightly Warm,1.5
987,2025-05-21 11:27:12.044055,31.3,75.7,0.41,30.39,1.4179,Slightly Warm,1.49
988,2025-05-21 11:27:42.199571,31.3,75.6,0.41,30.48,1.4179,Slightly Warm,1.5
989,2025-05-21 11:28:12.258476,31.3,76.0,0.4,30.48,1.4285,Slightly Warm,1.52
990,2025-05-21 11:28:42.41929,31.3,76.1,0.41,30.39,1.4238,Slightly Warm,1.5
991,2025-05-21 11:29:12.301422,31.3,76.3,0.42,30.48,1.421,Slightly Warm,1.5
992,2025-05-21 11:29:43.804659,31.4,76.2,0.42,30.43,1.4599,Slightly Warm,1.51
993,2025-05-21 11:30:12.273474,31.4,76.4,0.42,30.43,1.4599,Slightly Warm,1.52
994,2025-05-21 11:30:42.375518,31.4,76.3,0.42,30.43,1.4599,Slightly Warm,1.51
995,2025-05-21 11:31:13.100711,31.4,76.3,0.42,30.43,1.4599,Slightly Warm,1.51
996,2025-05-21 11:31:42.596875,31.4,76.7,0.43,30.43,1.4665,Slightly Warm,1.51
997,2025-05-21 11:32:12.922091,31.4,76.4,0.46,30.41,1.4494,Slightly Warm,1.47
998,2025-05-21 11:32:45.687174,31.4,76.8,0.47,30.41,1.4505,Slightly Warm,1.46
999,2025-05-21 11:33:13.115113,31.4,76.9,0.47,30.41,1.4505,Slightly Warm,1.47
1000,2025-05-21 11:33:44.416499,31.4,76.5,0.46,30.41,1.4494,Slightly Warm,1.47
1001,2025-05-21 11:34:25.610784,31.4,76.3,0.44,30.51,1.4503,Slightly Warm,1.5
1002,2025-05-21 11:34:46.273181,31.4,76.5,0.44,30.42,1.4503,Slightly Warm,1.49
1003,2025-05-21 11:35:13.544915,31.4,76.6,0.44,30.51,1.4503,Slightly Warm,1.5
1004,2025-05-21 11:35:43.402352,31.4,76.5,0.45,30.51,1.472,Slightly Warm,1.49
1005,2025-05-21 11:36:13.922479,31.4,76.7,0.48,30.5,1.458,Slightly Warm,1.46
1006,2025-05-21 11:36:43.839147,31.4,77.0,0.47,30.5,1.4505,Slightly Warm,1.48
1007,2025-05-21 11:37:14.23508,31.4,77.0,0.43,30.52,1.4665,Slightly Warm,1.52
1008,2025-05-21 11:37:46.748925,31.4,76.4,0.43,30.52,1.4665,Slightly Warm,1.51
1009,2025-05-21 11:38:14.146553,31.4,76.4,0.42,30.52,1.4599,Slightly Warm,1.53
1010,2025-05-21 11:38:44.311639,31.4,76.8,0.43,30.52,1.4665,Slightly Warm,1.52
1011,2025-05-21 11:39:14.150331,31.5,77.1,0.45,30.46,1.4745,Slightly Warm,1.52
1012,2025-05-21 11:39:44.475202,31.4,76.8,0.45,30.51,1.472,Slightly Warm,1.5
1013,2025-05-21 11:40:14.58923,31.4,76.7,0.45,30.61,1.472,Slightly Warm,1.51
1014,2025-05-21 11:40:50.883983,31.4,76.5,0.45,30.61,1.472,Slightly Warm,1.5
1015,2025-05-21 11:41:14.600799,31.4,76.4,0.43,30.61,1.4665,Slightly Warm,1.52
1016,2025-05-21 11:41:44.916001,31.4,76.2,0.42,30.61,1.4599,Slightly Warm,1.53
1017,2025-05-21 11:42:14.998645,31.4,76.2,0.43,30.61,1.4665,Slightly Warm,1.52
1018,2025-05-21 11:42:44.896116,31.4,76.3,0.42,30.61,1.4599,Slightly Warm,1.53
1019,2025-05-21 11:43:15.199688,31.4,76.8,0.43,30.61,1.4665,Slightly Warm,1.53
1020,2025-05-21 11:43:45.130449,31.4,76.3,0.44,30.61,1.4503,Slightly Warm,1.51
1021,2025-05-21 11:44:15.2167,31.4,76.0,0.44,30.61,1.4441,Slightly Warm,1.51
1022,2025-05-21 11:44:45.332073,31.4,76.2,0.45,30.61,1.472,Slightly Warm,1.5
1023,2025-05-21 11:45:15.647652,31.4,76.4,0.45,30.61,1.472,Slightly Warm,1.5
1024,2025-05-21 11:45:45.546992,31.4,76.4,0.48,30.69,1.4865,Slightly Warm,1.48
1025,2025-05-21 11:46:15.86392,31.4,76.2,0.49,30.59,1.3915,Slightly Warm,1.45
1026,2025-05-21 11:46:45.755719,31.4,76.7,0.5,30.59,1.391,Slightly Warm,1.45
1027,2025-05-21 11:47:16.076811,31.5,76.5,0.52,30.53,1.4104,Slightly Warm,1.45
1028,2025-05-21 11:47:45.871929,31.5,76.8,0.53,30.62,1.3975,Slightly Warm,1.45
1029,2025-05-21 11:48:16.049408,31.4,76.5,0.56,30.67,1.4516,Slightly Warm,1.4
1030,2025-05-21 11:48:45.967002,31.5,76.7,0.56,30.61,1.3974,Slightly Warm,1.42
1031,2025-05-21 11:49:16.101227,31.4,77.2,0.56,30.67,1.4516,Slightly Warm,1.41
1032,2025-05-21 11:49:46.36006,31.4,76.6,0.56,30.57,1.3944,Slightly Warm,1.39
1033,2025-05-21 11:50:16.500658,31.4,76.7,0.57,30.66,1.3859,Slightly Warm,1.39
1034,2025-05-21 11:50:56.656646,31.4,76.5,0.54,30.68,1.4549,Slightly Warm,1.42
1035,2025-05-21 11:51:16.506923,31.4,76.6,0.53,30.58,1.3945,Slightly Warm,1.42
1036,2025-05-21 11:52:07.699525,31.4,76.5,0.53,30.58,1.3945,Slightly Warm,1.42
1037,2025-05-21 11:52:16.739799,31.4,76.4,0.52,30.58,1.4068,Slightly Warm,1.42
1038,2025-05-21 11:52:46.787223,31.4,76.4,0.55,30.57,1.3901,Slightly Warm,1.39
1039,2025-05-21 11:53:16.922104,31.4,76.2,0.54,30.57,1.3926,Slightly Warm,1.4
1040,2025-05-21 11:53:47.824431,31.4,76.9,0.55,30.57,1.3901,Slightly Warm,1.41
1041,2025-05-21 11:54:17.143896,31.5,77.3,0.54,30.52,1.3956,Slightly Warm,1.44
1042,2025-05-21 11:54:46.804692,31.4,77.1,0.53,30.58,1.3945,Slightly Warm,1.43
1043,2025-05-21 11:55:17.375571,31.4,76.5,0.52,30.58,1.4068,Slightly Warm,1.43
1044,2025-05-21 11:55:47.68052,31.4,76.4,0.53,30.58,1.3945,Slightly Warm,1.42
1045,2025-05-21 11:56:17.538516,31.5,76.5,0.53,30.52,1.3975,Slightly Warm,1.43
1046,2025-05-21 11:56:47.448732,31.4,76.6,0.55,30.57,1.3901,Slightly Warm,1.4
1047,2025-05-21 11:57:17.781417,31.4,76.4,0.54,30.58,1.3926,Slightly Warm,1.41
1048,2025-05-21 11:57:47.47185,31.4,76.5,0.5,30.59,1.391,Slightly Warm,1.45
1049,2025-05-21 11:58:17.963944,31.4,76.6,0.49,30.59,1.3915,Slightly Warm,1.46
1050,2025-05-21 11:58:47.897269,31.4,76.7,0.47,30.6,1.4505,Slightly Warm,1.48
1051,2025-05-21 11:59:18.20046,31.5,76.8,0.49,30.54,1.3944,Slightly Warm,1.48
1052,2025-05-21 11:59:48.090487,31.5,76.4,0.49,30.54,1.3944,Slightly Warm,1.47
1053,2025-05-21 12:00:18.67708,31.4,76.6,0.5,30.59,1.391,Slightly Warm,1.45
1054,2025-05-21 12:00:48.31159,31.4,76.9,0.5,30.59,1.391,Slightly Warm,1.45
1055,2025-05-21 12:01:18.407908,31.4,76.6,0.5,30.59,1.391,Slightly Warm,1.45
1056,2025-05-21 12:01:48.313461,31.4,76.5,0.49,30.59,1.3915,Slightly Warm,1.46
1057,2025-05-21 12:02:18.630757,31.4,76.3,0.5,30.59,1.391,Slightly Warm,1.44
1058,2025-05-21 12:02:53.650079,31.4,76.5,0.49,30.59,1.3915,Slightly Warm,1.46
1059,2025-05-21 12:03:18.83587,31.4,76.6,0.5,30.59,1.391,Slightly Warm,1.45
1060,2025-05-21 12:03:48.751584,31.4,77.0,0.49,30.59,1.3915,Slightly Warm,1.47
1061,2025-05-21 12:04:19.049836,31.5,77.1,0.5,30.53,1.3948,Slightly Warm,1.47
1062,2025-05-21 12:04:49.179882,31.5,77.0,0.5,30.53,1.3948,Slightly Warm,1.47
1063,2025-05-21 12:05:19.275598,31.5,76.2,0.51,30.63,1.4124,Slightly Warm,1.46
1064,2025-05-21 12:05:49.564736,31.5,76.5,0.52,30.53,1.4104,Slightly Warm,1.45
1065,2025-05-21 12:06:19.495922,31.5,76.8,0.52,30.62,1.4104,Slightly Warm,1.46
1066,2025-05-21 12:06:49.378757,31.5,77.0,0.52,30.62,1.4104,Slightly Warm,1.46
1067,2025-05-21 12:07:19.673712,31.5,76.7,0.54,30.62,1.3956,Slightly Warm,1.44
1068,2025-05-21 12:07:49.59231,31.5,76.7,0.56,30.61,1.3974,Slightly Warm,1.42
1069,2025-05-21 12:08:19.89807,31.5,76.7,0.57,30.61,1.3889,Slightly Warm,1.41
1070,2025-05-21 12:08:49.774315,31.5,76.6,0.56,30.61,1.3974,Slightly Warm,1.42
1071,2025-05-21 12:09:20.308646,31.5,76.4,0.54,30.62,1.3956,Slightly Warm,1.44
1072,2025-05-21 12:09:50.035013,31.5,76.2,0.53,30.62,1.3975,Slightly Warm,1.44
1073,2025-05-21 12:10:20.334033,31.5,76.1,0.53,30.62,1.3975,Slightly Warm,1.44
1074,2025-05-21 12:10:50.190697,31.5,75.9,0.54,30.62,1.3915,Slightly Warm,1.42
1075,2025-05-21 12:11:20.517665,31.5,76.2,0.54,30.62,1.3956,Slightly Warm,1.43
1076,2025-05-21 12:11:50.618844,31.5,76.1,0.53,30.62,1.3975,Slightly Warm,1.44
1077,2025-05-21 12:12:20.71739,31.5,76.3,0.51,30.63,1.4124,Slightly Warm,1.46
1078,2025-05-21 12:12:50.651101,31.5,76.2,0.48,30.64,1.4618,Slightly Warm,1.49
1079,2025-05-21 12:13:20.983253,31.5,75.7,0.46,30.74,1.4797,Slightly Warm,1.52
1080,2025-05-21 12:13:51.88285,31.5,75.8,0.45,30.74,1.4996,Slightly Warm,1.53
1081,2025-05-21 12:14:22.333837,31.5,75.7,0.45,30.74,1.4996,Slightly Warm,1.53
1082,2025-05-21 12:14:51.040546,31.5,75.7,0.45,30.74,1.4996,Slightly Warm,1.53
1083,2025-05-21 12:15:21.343431,31.5,75.6,0.46,30.74,1.4797,Slightly Warm,1.51
1084,2025-05-21 12:15:52.089554,31.5,75.9,0.44,30.65,1.4474,Slightly Warm,1.53
1085,2025-05-21 12:16:21.37212,31.5,75.9,0.45,30.74,1.4996,Slightly Warm,1.53
1086,2025-05-21 12:16:51.040725,31.5,76.0,0.46,30.64,1.4471,Slightly Warm,1.51
1087,2025-05-21 12:17:21.369756,31.5,75.8,0.48,30.73,1.4839,Slightly Warm,1.49
1088,2025-05-21 12:17:51.301359,31.5,75.8,0.48,30.64,1.456,Slightly Warm,1.48
1089,2025-05-21 12:18:21.56489,31.5,76.0,0.49,30.73,1.4511,Slightly Warm,1.49
1090,2025-05-21 12:18:51.505635,31.5,75.9,0.5,30.63,1.3896,Slightly Warm,1.46
1091,2025-05-21 12:19:51.694733,31.5,76.2,0.53,30.72,1.4599,Slightly Warm,1.45
1092,2025-05-21 12:20:22.240742,31.5,75.9,0.56,30.71,1.4487,Slightly Warm,1.42
1093,2025-05-21 12:20:52.332565,31.5,75.9,0.57,30.71,1.4422,Slightly Warm,1.41
1094,2025-05-21 12:21:22.24977,31.5,75.8,0.59,30.7,1.4125,Slightly Warm,1.39
1095,2025-05-21 12:21:52.351876,31.5,75.8,0.61,30.59,1.3858,Slightly Warm,1.36
1096,2025-05-21 12:22:22.619856,31.5,76.0,0.62,30.59,1.3823,Slightly Warm,1.36
1097,2025-05-21 12:22:52.349589,31.5,76.0,0.64,30.68,1.4133,Slightly Warm,1.35
1098,2025-05-21 12:23:22.974326,31.5,75.7,0.65,30.68,1.4227,Slightly Warm,1.34
1099,2025-05-21 12:23:53.978663,31.5,75.7,0.68,30.57,1.291,Slightly Warm,1.31
1100,2025-05-21 12:24:22.898396,31.5,75.8,0.7,30.56,1.2924,Slightly Warm,1.3
1101,2025-05-21 12:24:52.984141,31.5,76.0,0.71,30.56,1.29,Slightly Warm,1.29
1102,2025-05-21 12:25:23.088301,31.5,75.8,0.72,30.66,1.2909,Slightly Warm,1.3
1103,2025-05-21 12:25:56.244615,31.5,75.9,0.73,30.66,1.2906,Slightly Warm,1.29
1104,2025-05-21 12:26:23.494206,31.5,75.9,0.74,30.66,1.2733,Slightly Warm,1.28
1105,2025-05-21 12:26:53.978233,31.5,75.7,0.72,30.66,1.2909,Slightly Warm,1.29
1106,2025-05-21 12:27:23.548586,31.5,75.7,0.72,30.66,1.2909,Slightly Warm,1.29
1107,2025-05-21 12:27:56.037115,31.5,76.0,0.73,30.55,1.2906,Slightly Warm,1.28
1108,2025-05-21 12:28:24.952368,31.5,75.6,0.75,30.65,1.2724,Slightly Warm,1.27
1109,2025-05-21 12:28:53.57727,31.5,75.7,0.76,30.65,1.2539,Slightly Warm,1.27
1110,2025-05-21 12:29:23.479916,31.5,75.9,0.76,30.65,1.2539,Slightly Warm,1.27
1111,2025-05-21 12:29:54.318041,31.5,76.2,0.75,30.55,1.2776,Slightly Warm,1.27
1112,2025-05-21 12:30:23.935627,31.5,76.0,0.75,30.55,1.2724,Slightly Warm,1.27
1113,2025-05-21 12:30:54.193502,31.5,75.9,0.73,30.66,1.2906,Slightly Warm,1.29
1114,2025-05-21 12:31:23.910678,31.5,76.0,0.72,30.66,1.2909,Slightly Warm,1.3
1115,2025-05-21 12:31:54.501408,31.5,75.9,0.72,30.66,1.2909,Slightly Warm,1.3
1116,2025-05-21 12:32:24.142601,31.5,75.7,0.7,30.67,1.326,Slightly Warm,1.31
1117,2025-05-21 12:32:54.645708,31.5,75.2,0.68,30.67,1.3036,Slightly Warm,1.31
1118,2025-05-21 12:33:24.855431,31.5,75.2,0.69,30.67,1.3036,Slightly Warm,1.3
1119,2025-05-21 12:33:54.462477,31.5,75.2,0.66,30.68,1.3731,Slightly Warm,1.32
1120,2025-05-21 12:34:24.949376,31.5,75.5,0.66,30.68,1.3941,Slightly Warm,1.33
1121,2025-05-21 12:34:54.922223,31.5,75.6,0.65,30.68,1.4227,Slightly Warm,1.34
1122,2025-05-21 12:35:24.947445,31.5,75.2,0.63,30.69,1.3929,Slightly Warm,1.35
1123,2025-05-21 12:35:54.899897,31.5,75.2,0.62,30.69,1.3986,Slightly Warm,1.35
1124,2025-05-21 12:36:25.429287,31.5,75.2,0.61,30.7,1.4027,Slightly Warm,1.36
1125,2025-05-21 12:36:55.068101,31.4,75.1,0.6,30.76,1.3966,Slightly Warm,1.35
1126,2025-05-21 12:37:25.38592,31.5,75.2,0.6,30.7,1.4,Slightly Warm,1.37
1127,2025-05-21 12:37:56.018363,31.5,75.2,0.61,30.59,1.3668,Slightly Warm,1.35
1128,2025-05-21 12:38:25.58821,31.5,75.0,0.59,30.6,1.3626,Slightly Warm,1.37
1129,2025-05-21 12:38:55.699016,31.5,75.0,0.6,30.7,1.4,Slightly Warm,1.37
1130,2025-05-21 12:39:25.82299,31.5,75.1,0.59,30.6,1.3626,Slightly Warm,1.37
1131,2025-05-21 12:39:55.744651,31.5,75.1,0.58,30.6,1.3621,Slightly Warm,1.38
1132,2025-05-21 12:40:26.027632,31.5,75.0,0.58,30.6,1.3621,Slightly Warm,1.37
1133,2025-05-21 12:40:55.951817,31.5,75.0,0.59,30.6,1.3626,Slightly Warm,1.37
1134,2025-05-21 12:41:27.244882,31.5,75.2,0.61,30.59,1.3668,Slightly Warm,1.35
1135,2025-05-21 12:41:56.136381,31.5,75.2,0.62,30.69,1.3986,Slightly Warm,1.35
1136,2025-05-21 12:42:26.35422,31.5,75.5,0.63,30.59,1.3721,Slightly Warm,1.34
1137,2025-05-21 12:42:56.336623,31.5,75.3,0.63,30.69,1.4084,Slightly Warm,1.35
1138,2025-05-21 12:43:26.236296,31.5,75.5,0.63,30.69,1.4084,Slightly Warm,1.35
1139,2025-05-21 12:43:56.579257,31.5,75.4,0.64,30.68,1.4133,Slightly Warm,1.34
1140,2025-05-21 12:44:26.472656,31.5,75.5,0.64,30.69,1.4133,Slightly Warm,1.34
1141,2025-05-21 12:44:56.789663,31.5,75.7,0.63,30.69,1.4084,Slightly Warm,1.36
1142,2025-05-21 12:45:26.734896,31.5,75.8,0.63,30.69,1.4084,Slightly Warm,1.36
1143,2025-05-21 12:45:57.179722,31.5,75.7,0.62,30.69,1.4176,Slightly Warm,1.36
1144,2025-05-21 12:46:26.893142,31.6,75.5,0.6,30.64,1.4299,Slightly Warm,1.39
1145,2025-05-21 12:46:57.223532,31.6,75.4,0.59,30.64,1.427,Slightly Warm,1.4
1146,2025-05-21 12:47:27.113591,31.6,75.4,0.59,30.64,1.427,Slightly Warm,1.4
1147,2025-05-21 12:47:57.413412,31.6,75.6,0.58,30.64,1.4262,Slightly Warm,1.41
1148,2025-05-21 12:48:30.792162,31.5,75.6,0.61,30.8,1.4215,Slightly Warm,1.38
1149,2025-05-21 12:48:57.623198,31.5,75.7,0.59,30.8,1.4125,Slightly Warm,1.4
1150,2025-05-21 12:49:27.5493,31.5,75.6,0.6,30.8,1.4163,Slightly Warm,1.39
1151,2025-05-21 12:49:58.070761,31.6,75.6,0.62,30.73,1.4659,Slightly Warm,1.39
1152,2025-05-21 12:50:27.714635,31.5,75.2,0.63,30.79,1.3929,Slightly Warm,1.36
1153,2025-05-21 12:50:58.057311,31.6,75.3,0.65,30.72,1.4147,Slightly Warm,1.36
1154,2025-05-21 12:51:27.948135,31.6,75.2,0.68,30.71,1.3486,Slightly Warm,1.34
1155,2025-05-21 12:51:58.477241,31.5,75.0,0.69,30.77,1.3036,Slightly Warm,1.31
1156,2025-05-21 12:52:28.619295,31.5,75.4,0.7,30.77,1.326,Slightly Warm,1.31
1157,2025-05-21 12:52:58.908015,31.6,75.7,0.71,30.7,1.3678,Slightly Warm,1.33
1158,2025-05-21 12:53:28.413507,31.6,75.5,0.7,30.71,1.3701,Slightly Warm,1.33
1159,2025-05-21 12:54:00.548261,31.6,75.6,0.7,30.71,1.3701,Slightly Warm,1.33
1160,2025-05-21 12:54:32.143447,31.6,75.1,0.71,30.71,1.347,Slightly Warm,1.32
1161,2025-05-21 12:55:02.608488,31.6,75.1,0.72,30.7,1.3513,Slightly Warm,1.31
1162,2025-05-21 12:55:28.798946,31.6,75.4,0.73,30.7,1.3721,Slightly Warm,1.31
1163,2025-05-21 12:55:59.828439,31.6,75.6,0.75,30.69,1.3539,Slightly Warm,1.3
1164,2025-05-21 12:56:29.21799,31.6,75.8,0.76,30.69,1.3349,Slightly Warm,1.3
1165,2025-05-21 12:56:59.111254,31.6,75.8,0.78,30.68,1.2977,Slightly Warm,1.29
1166,2025-05-21 12:57:28.992986,31.6,76.0,0.81,30.68,1.2296,Slightly Warm,1.27
1167,2025-05-21 12:57:59.348419,31.6,75.7,0.82,30.67,1.2271,Slightly Warm,1.26
1168,2025-05-21 12:58:29.635664,31.6,75.7,0.83,30.56,1.2128,Slightly Warm,1.25
1169,2025-05-21 12:58:59.748435,31.6,75.7,0.85,30.66,1.2186,Slightly Warm,1.24
1170,2025-05-21 12:59:29.483749,31.6,75.8,0.83,30.56,1.2128,Slightly Warm,1.25
1171,2025-05-21 12:59:59.962175,31.6,75.8,0.81,30.68,1.2296,Slightly Warm,1.27
1172,2025-05-21 13:00:29.65328,31.6,75.9,0.79,30.57,1.2197,Slightly Warm,1.27
1173,2025-05-21 13:00:59.985931,31.6,75.9,0.76,30.58,1.2989,Slightly Warm,1.29
1174,2025-05-21 13:01:29.839012,31.6,75.6,0.73,30.59,1.3361,Slightly Warm,1.3
1175,2025-05-21 13:02:00.143213,31.6,75.7,0.71,30.6,1.3341,Slightly Warm,1.32
1176,2025-05-21 13:02:30.278801,31.6,75.8,0.7,30.6,1.3364,Slightly Warm,1.33
1177,2025-05-21 13:03:00.65416,31.6,76.3,0.69,30.71,1.3747,Slightly Warm,1.35
1178,2025-05-21 13:06:06.592056,31.5,75.5,0.7,30.77,1.326,Slightly Warm,1.31
1179,2025-05-21 13:06:30.75277,31.5,75.6,0.69,30.67,1.3243,Slightly Warm,1.31
1180,2025-05-21 13:07:02.062169,31.5,76.4,0.67,30.68,1.4012,Slightly Warm,1.34
1181,2025-05-21 13:07:30.906423,31.6,75.8,0.68,30.61,1.3359,Slightly Warm,1.34
1182,2025-05-21 13:08:01.033074,31.6,76.3,0.65,30.62,1.3867,Slightly Warm,1.37
1183,2025-05-21 13:09:38.54644,31.7,75.8,0.07,30.93,2.3027,Warm,2.31
1184,2025-05-21 13:10:08.410519,31.7,75.8,0.15,30.89,2.1677,Warm,2.23
1185,2025-05-21 13:10:38.736245,31.7,76.0,0.23,30.84,1.984,Slightly Warm,1.96
1186,2025-05-21 13:11:08.697871,31.6,76.0,0.3,30.85,1.7581,Slightly Warm,1.79
1187,2025-05-21 13:11:39.114036,31.6,76.2,0.37,30.82,1.6751,Slightly Warm,1.67
1188,2025-05-21 13:12:08.833237,31.6,75.7,0.43,30.8,1.6507,Slightly Warm,1.58
1189,2025-05-21 13:12:38.983188,31.7,75.7,0.5,30.72,1.4926,Slightly Warm,1.52
1190,2025-05-21 13:13:09.026066,31.7,75.5,0.57,30.69,1.4848,Slightly Warm,1.45
1191,2025-05-21 13:13:39.571657,31.6,75.6,0.64,30.73,1.4609,Slightly Warm,1.38
1192,2025-05-21 13:14:09.475063,31.7,75.8,0.71,30.74,1.3667,Slightly Warm,1.36
1193,2025-05-21 13:14:39.555168,31.7,75.6,0.71,30.74,1.3667,Slightly Warm,1.36
1194,2025-05-21 13:15:09.907153,31.6,75.5,0.69,30.81,1.3687,Slightly Warm,1.35
1195,2025-05-21 13:15:40.025709,31.6,75.3,0.68,30.82,1.3695,Slightly Warm,1.35
1196,2025-05-21 13:16:09.919766,31.6,75.5,0.66,30.82,1.3867,Slightly Warm,1.37
1197,2025-05-21 13:16:40.209199,31.7,75.6,0.66,30.76,1.3872,Slightly Warm,1.39
1198,2025-05-21 13:17:10.30604,31.7,75.3,0.66,30.76,1.3872,Slightly Warm,1.38
1199,2025-05-21 13:17:40.442796,31.6,75.8,0.65,30.82,1.4147,Slightly Warm,1.38
1200,2025-05-21 13:18:10.301502,31.7,75.3,0.63,30.87,1.4588,Slightly Warm,1.42
1201,2025-05-21 13:18:40.619825,31.7,75.4,0.62,30.77,1.4675,Slightly Warm,1.42
1202,2025-05-21 13:19:10.504339,31.7,75.5,0.6,30.88,1.4654,Slightly Warm,1.45
1203,2025-05-21 13:19:40.631287,31.7,75.3,0.58,30.88,1.4855,Slightly Warm,1.46
1204,2025-05-21 13:20:10.827804,31.7,75.0,0.58,30.79,1.4673,Slightly Warm,1.44
1205,2025-05-21 13:20:40.858181,31.7,75.0,0.56,30.89,1.4677,Slightly Warm,1.47
1206,2025-05-21 13:21:10.991729,31.7,74.9,0.56,30.89,1.4677,Slightly Warm,1.47
1207,2025-05-21 13:21:41.029321,31.7,75.1,0.55,30.89,1.4654,Slightly Warm,1.48
1208,2025-05-21 13:22:10.959261,31.7,75.0,0.55,30.89,1.4654,Slightly Warm,1.48
1209,2025-05-21 13:22:41.069894,31.7,75.1,0.55,30.89,1.4654,Slightly Warm,1.48
1210,2025-05-21 13:30:01.992627,31.9,75.4,0.09,31.19,2.3748,Warm,2.37
1211,2025-05-21 13:30:31.891309,31.9,75.5,0.17,31.06,2.1653,Warm,2.21
1212,2025-05-21 13:31:02.200547,31.9,75.2,0.27,31.01,1.9514,Slightly Warm,1.92
1213,2025-05-21 13:31:32.075008,31.9,75.4,0.34,30.97,1.7382,Slightly Warm,1.79
1214,2025-05-21 13:32:02.420323,31.9,75.3,0.41,30.93,1.646,Slightly Warm,1.68
1215,2025-05-21 13:32:32.541257,31.9,75.1,0.49,30.9,1.5429,Slightly Warm,1.59
1216,2025-05-21 13:33:02.675676,31.9,75.1,0.56,30.87,1.4817,Slightly Warm,1.52
1217,2025-05-21 13:33:32.33247,31.9,75.4,0.64,30.84,1.4774,Slightly Warm,1.46
1218,2025-05-21 13:34:02.613047,31.9,75.7,0.71,30.82,1.3908,Slightly Warm,1.42
1219,2025-05-21 13:34:32.763701,31.9,75.1,0.78,30.79,1.3075,Slightly Warm,1.36
1220,2025-05-21 13:35:03.065143,31.9,74.7,0.76,30.8,1.3447,Slightly Warm,1.37
1221,2025-05-21 13:35:33.188021,31.9,74.6,0.75,30.8,1.3638,Slightly Warm,1.37
1222,2025-05-21 13:36:03.043126,31.9,75.3,0.73,30.81,1.3951,Slightly Warm,1.39
1223,2025-05-21 13:36:32.974235,31.9,75.2,0.73,30.81,1.374,Slightly Warm,1.39
1224,2025-05-21 13:37:03.480444,31.9,75.2,0.73,30.81,1.374,Slightly Warm,1.39
1225,2025-05-21 13:37:33.376258,32.0,76.0,0.73,30.74,1.3971,Slightly Warm,1.43
1226,2025-05-21 13:38:03.26016,32.0,75.1,0.74,30.74,1.3667,Slightly Warm,1.4
1227,2025-05-21 13:38:33.596582,32.0,75.7,0.73,30.74,1.3971,Slightly Warm,1.42
1228,2025-05-21 13:39:04.334544,32.0,75.8,0.74,30.74,1.3804,Slightly Warm,1.42
1229,2025-05-21 13:39:33.998284,32.0,75.7,0.77,30.73,1.3605,Slightly Warm,1.4
1230,2025-05-21 13:40:07.209553,32.0,75.6,0.79,30.72,1.2564,Slightly Warm,1.38
1231,2025-05-21 13:40:33.990403,32.0,75.1,0.79,30.83,1.2426,Slightly Warm,1.38
1232,2025-05-21 13:41:04.128004,32.0,75.6,0.8,30.82,1.2378,Slightly Warm,1.39
1233,2025-05-21 13:41:34.21355,32.0,74.8,0.81,30.71,1.2156,Slightly Warm,1.35
1234,2025-05-21 13:42:03.940505,31.9,74.7,0.83,30.88,1.2129,Slightly Warm,1.34
1235,2025-05-21 13:42:34.200677,32.0,74.9,0.85,30.7,1.2192,Slightly Warm,1.33
1236,2025-05-21 13:43:04.367913,32.0,75.2,0.85,30.8,1.2192,Slightly Warm,1.35
1237,2025-05-21 13:43:34.61307,32.0,74.6,0.85,30.8,1.2192,Slightly Warm,1.34
1238,2025-05-21 13:44:04.551201,31.9,74.4,0.86,30.88,1.2162,Slightly Warm,1.31
1239,2025-05-21 13:44:34.637533,31.9,74.3,0.85,30.88,1.2178,Slightly Warm,1.32
1240,2025-05-21 13:45:04.74445,31.9,74.2,0.84,30.77,1.2161,Slightly Warm,1.31
1241,2025-05-21 13:45:34.847335,31.9,74.3,0.83,30.77,1.2151,Slightly Warm,1.32
1242,2025-05-21 13:46:04.762453,31.9,74.3,0.82,30.78,1.214,Slightly Warm,1.32
1243,2025-05-21 13:46:35.082104,31.9,74.5,0.81,30.78,1.2137,Slightly Warm,1.33
1244,2025-05-21 13:47:05.383589,31.9,74.4,0.8,30.68,1.222,Slightly Warm,1.33
1245,2025-05-21 13:47:35.596403,31.8,74.2,0.78,30.76,1.3126,Slightly Warm,1.32
1246,2025-05-21 13:48:05.37357,31.8,74.5,0.77,30.87,1.3478,Slightly Warm,1.34
1247,2025-05-21 13:48:35.523749,31.8,74.5,0.76,30.76,1.3478,Slightly Warm,1.33
1248,2025-05-21 13:49:05.406975,31.9,74.6,0.75,30.7,1.3638,Slightly Warm,1.36
1249,2025-05-21 13:49:35.496559,31.9,74.4,0.74,30.7,1.3647,Slightly Warm,1.36
1250,2025-05-21 13:50:05.582863,31.9,74.4,0.74,30.7,1.3647,Slightly Warm,1.36
1251,2025-05-21 13:50:35.906277,31.9,74.4,0.74,30.6,1.328,Slightly Warm,1.35
1252,2025-05-21 13:51:05.644088,31.9,74.5,0.74,30.7,1.3647,Slightly Warm,1.36
1253,2025-05-21 13:51:36.140054,31.8,74.6,0.74,30.66,1.3311,Slightly Warm,1.33
1254,2025-05-21 13:52:06.235702,31.8,74.3,0.74,30.66,1.3322,Slightly Warm,1.33
1255,2025-05-21 13:52:36.108469,31.8,74.0,0.73,30.67,1.3743,Slightly Warm,1.33
1256,2025-05-21 13:53:06.457033,31.9,73.9,0.74,30.6,1.3291,Slightly Warm,1.34
1257,2025-05-21 13:53:36.358576,31.9,74.1,0.73,30.6,1.3335,Slightly Warm,1.35
1258,2025-05-21 13:54:06.463157,31.9,73.8,0.72,30.6,1.3332,Slightly Warm,1.35
1259,2025-05-21 13:54:36.546527,31.9,73.8,0.72,30.6,1.3332,Slightly Warm,1.35
1260,2025-05-21 13:55:06.679778,31.9,73.8,0.72,30.6,1.3332,Slightly Warm,1.35
1261,2025-05-21 13:55:36.783107,31.9,74.6,0.72,30.5,1.3377,Slightly Warm,1.36
1262,2025-05-21 13:56:06.257533,31.9,74.5,0.72,30.5,1.3377,Slightly Warm,1.36
1263,2025-05-21 13:56:36.555288,31.9,73.9,0.72,30.6,1.3332,Slightly Warm,1.35
1264,2025-05-21 13:57:06.46464,31.8,73.5,0.74,30.56,1.3009,Slightly Warm,1.31
1265,2025-05-21 13:57:37.001441,31.8,73.8,0.74,30.56,1.3322,Slightly Warm,1.31
1266,2025-05-21 13:58:06.967676,31.8,73.3,0.74,30.56,1.3009,Slightly Warm,1.3
1267,2025-05-21 13:58:37.210638,31.7,73.3,0.74,30.63,1.2699,Slightly Warm,1.28
1268,2025-05-21 13:59:06.938271,31.8,73.7,0.75,30.55,1.3,Slightly Warm,1.3
1269,2025-05-21 13:59:37.495898,31.8,74.4,0.74,30.56,1.3311,Slightly Warm,1.32
1270,2025-05-21 14:00:07.103161,31.7,74.0,0.74,30.63,1.3056,Slightly Warm,1.3
1271,2025-05-21 14:00:37.408104,31.7,73.9,0.74,30.63,1.3056,Slightly Warm,1.29
1272,2025-05-21 14:01:07.43833,31.8,73.8,0.74,30.56,1.3322,Slightly Warm,1.31
1273,2025-05-21 14:01:37.42218,31.8,74.8,0.74,30.56,1.3311,Slightly Warm,1.33
1274,2025-05-21 14:02:07.724316,31.8,75.0,0.75,30.56,1.3301,Slightly Warm,1.33
1275,2025-05-21 14:02:37.636232,31.8,74.7,0.76,30.55,1.3111,Slightly Warm,1.31
1276,2025-05-21 14:03:07.316039,31.7,74.7,0.78,30.61,1.247,Slightly Warm,1.28
1277,2025-05-21 14:03:37.626676,31.7,75.4,0.8,30.61,1.221,Slightly Warm,1.29
1278,2025-05-21 14:04:07.958545,31.8,75.4,0.82,30.53,1.2121,Slightly Warm,1.29
1279,2025-05-21 14:04:38.031756,31.7,75.7,0.84,30.59,1.2131,Slightly Warm,1.27
1280,2025-05-21 14:05:07.830371,31.7,75.7,0.85,30.59,1.2168,Slightly Warm,1.26
1281,2025-05-21 14:05:37.873949,31.7,75.9,0.86,30.59,1.2154,Slightly Warm,1.26
1282,2025-05-21 14:06:08.15061,31.7,75.9,0.86,30.59,1.2154,Slightly Warm,1.26
1283,2025-05-21 14:06:38.050534,31.7,75.8,0.86,30.59,1.2154,Slightly Warm,1.26
1284,2025-05-21 14:07:08.353681,31.7,76.3,0.86,30.59,1.2181,Slightly Warm,1.27
1285,2025-05-21 14:07:38.261855,31.7,76.4,0.86,30.59,1.2181,Slightly Warm,1.27
1286,2025-05-21 14:08:08.599361,31.7,76.1,0.86,30.59,1.2181,Slightly Warm,1.26
1287,2025-05-21 14:08:49.760448,31.7,75.9,0.86,30.48,1.2154,Slightly Warm,1.25
1288,2025-05-21 14:09:08.823181,31.7,76.5,0.86,30.48,1.2181,Slightly Warm,1.26
1289,2025-05-21 14:09:38.711416,31.7,76.0,0.85,30.59,1.2168,Slightly Warm,1.27
1290,2025-05-21 14:10:08.985687,31.7,76.2,0.85,30.48,1.2196,Slightly Warm,1.26
1291,2025-05-21 14:10:38.713199,31.6,76.0,0.87,30.55,1.2172,Slightly Warm,1.23
1292,2025-05-21 14:11:09.402123,31.7,76.2,0.87,30.48,1.2185,Slightly Warm,1.25
1293,2025-05-21 14:11:39.556397,31.7,75.9,0.86,30.48,1.2154,Slightly Warm,1.25
1294,2025-05-21 14:12:09.699551,31.7,75.5,0.83,30.6,1.2113,Slightly Warm,1.27
1295,2025-05-21 14:15:14.780634,31.6,74.7,0.84,30.56,1.2,Slightly Warm,1.22
1296,2025-05-21 14:17:48.807906,31.7,74.7,0.19,30.78,2.0558,Warm,2.05
1297,2025-05-21 14:18:18.523134,31.7,74.9,0.28,30.73,1.823,Slightly Warm,1.81
1298,2025-05-21 14:18:49.023029,31.7,75.8,0.35,30.6,1.6107,Slightly Warm,1.69
1299,2025-05-21 14:19:18.689941,31.7,75.8,0.43,30.56,1.5658,Slightly Warm,1.58
1300,2025-05-21 14:19:49.231335,31.7,76.2,0.5,30.52,1.4369,Slightly Warm,1.51
1301,2025-05-21 14:20:18.90867,31.7,75.4,0.57,30.49,1.4266,Slightly Warm,1.43
1302,2025-05-21 14:20:49.211556,31.7,75.2,0.65,30.45,1.3616,Slightly Warm,1.36
1303,2025-05-21 14:21:19.357858,31.8,75.8,0.73,30.35,1.3458,Slightly Warm,1.33
1304,2025-05-21 14:21:50.469579,31.8,76.0,0.81,30.43,1.2147,Slightly Warm,1.3
1305,2025-05-21 14:22:19.344808,31.8,75.5,0.8,30.43,1.2231,Slightly Warm,1.3
1306,2025-05-21 14:22:49.448387,31.8,75.8,0.8,30.43,1.2231,Slightly Warm,1.3
1307,2025-05-21 14:23:19.532803,31.8,76.1,0.81,30.53,1.2174,Slightly Warm,1.31
1308,2025-05-21 14:23:49.653767,31.8,75.6,0.83,30.42,1.2133,Slightly Warm,1.28
1309,2025-05-21 14:24:19.985116,31.9,75.5,0.85,30.44,1.2164,Slightly Warm,1.3
1310,2025-05-21 14:24:49.660537,31.9,75.1,0.87,30.43,1.2005,Slightly Warm,1.28
1311,2025-05-21 14:26:15.509165,31.9,75.6,0.09,31.04,2.3029,Warm,2.35
1312,2025-05-21 14:26:49.901012,31.9,76.2,0.19,30.97,2.101,Warm,2.14
1313,2025-05-21 14:27:12.044349,31.9,76.1,0.28,30.82,1.8493,Slightly Warm,1.89
1314,2025-05-21 14:27:41.928405,31.9,75.6,0.36,30.87,1.7043,Slightly Warm,1.75
1315,2025-05-21 14:28:12.451812,31.9,75.9,0.43,30.83,1.6502,Slightly Warm,1.66
1316,2025-05-21 14:28:42.546443,31.9,75.2,0.51,30.8,1.4873,Slightly Warm,1.56
1317,2025-05-21 14:29:12.651501,31.9,75.1,0.59,30.76,1.4592,Slightly Warm,1.48
1318,2025-05-21 14:29:42.773096,32.0,74.8,0.67,30.77,1.376,Slightly Warm,1.44
1319,2025-05-21 14:30:12.881903,32.0,74.3,0.74,30.74,1.3688,Slightly Warm,1.39
1320,2025-05-21 14:30:42.820772,32.0,74.9,0.83,30.7,1.2149,Slightly Warm,1.35
1321,2025-05-21 14:31:12.866202,32.0,75.4,0.81,30.71,1.2294,Slightly Warm,1.37
1322,2025-05-21 14:31:43.172175,31.9,75.6,0.8,30.78,1.2358,Slightly Warm,1.36
1323,2025-05-21 14:32:12.896423,32.0,75.5,0.8,30.72,1.2378,Slightly Warm,1.38
1324,2025-05-21 14:32:43.407522,32.0,75.3,0.8,30.71,1.2378,Slightly Warm,1.37
1325,2025-05-21 14:33:12.924791,32.0,75.0,0.8,30.71,1.224,Slightly Warm,1.37
1326,2025-05-21 14:33:43.19721,32.0,74.9,0.81,30.71,1.2156,Slightly Warm,1.36
1327,2025-05-21 14:34:13.207435,32.0,75.7,0.81,30.71,1.2294,Slightly Warm,1.37
1328,2025-05-21 14:34:43.413726,32.0,75.6,0.82,30.71,1.2275,Slightly Warm,1.37
1329,2025-05-21 14:35:13.470315,32.0,75.5,0.83,30.7,1.2286,Slightly Warm,1.36
1330,2025-05-21 14:35:43.66572,32.0,75.0,0.84,30.81,1.2159,Slightly Warm,1.36
1331,2025-05-21 14:36:13.516887,32.0,75.2,0.85,30.8,1.2192,Slightly Warm,1.35
1332,2025-05-21 14:36:44.052479,32.0,74.9,0.86,30.8,1.2181,Slightly Warm,1.34
1333,2025-05-21 14:37:13.965831,32.0,74.1,0.87,30.8,1.219,Slightly Warm,1.32
1334,2025-05-21 14:37:44.035673,32.0,74.5,0.88,30.79,1.1794,Slightly Warm,1.32
1335,2025-05-21 14:38:14.145176,32.0,74.5,0.89,30.79,1.1794,Slightly Warm,1.32
1336,2025-05-21 14:38:44.068385,32.0,74.5,0.9,30.79,1.1709,Slightly Warm,1.31
1337,2025-05-21 14:39:13.976105,32.0,74.6,0.88,30.79,1.1794,Slightly Warm,1.33
1338,2025-05-21 14:39:44.507882,32.0,74.2,0.88,30.79,1.1798,Slightly Warm,1.32
1339,2025-05-21 14:40:14.152497,32.0,73.8,0.88,30.79,1.1798,Slightly Warm,1.31
1340,2025-05-21 14:44:34.167554,32.1,74.1,0.03,31.3,2.3986,Warm,2.44
1341,2025-05-21 14:44:58.823879,32.1,74.0,0.06,31.3,2.3842,Warm,2.42
1342,2025-05-21 14:45:29.311535,32.1,75.0,0.12,31.28,2.3057,Warm,2.4
1343,2025-05-21 14:45:59.046084,32.1,74.3,0.2,31.23,2.1533,Warm,2.16
1344,2025-05-21 14:53:49.12812,32.0,73.9,0.07,31.24,2.371,Warm,2.39
1345,2025-05-21 14:54:46.785536,32.0,73.9,0.16,31.2,2.2164,Warm,2.27
1346,2025-05-21 14:54:49.869501,31.9,74.4,0.26,31.1,1.9584,Warm,1.94
1347,2025-05-21 14:55:20.062706,31.9,74.8,0.35,31.05,1.7122,Slightly Warm,1.77
1348,2025-05-21 14:55:50.106192,31.9,74.8,0.45,31.01,1.6025,Slightly Warm,1.63
1349,2025-05-21 14:56:20.413374,31.8,75.0,0.53,30.94,1.5102,Slightly Warm,1.53
1350,2025-05-21 14:56:50.495747,31.9,74.8,0.62,30.85,1.4611,Slightly Warm,1.46
1351,2025-05-21 14:57:20.423384,31.8,74.6,0.7,30.89,1.3758,Slightly Warm,1.38
1352,2025-05-21 14:57:50.535764,31.8,74.5,0.75,30.77,1.3668,Slightly Warm,1.34
1353,2025-05-21 14:58:20.607456,31.8,74.5,0.8,30.86,1.2251,Slightly Warm,1.32
1354,2025-05-21 14:58:50.545148,31.8,74.2,0.79,30.75,1.2457,Slightly Warm,1.31
1355,2025-05-21 14:59:21.858197,31.8,74.0,0.74,30.87,1.3699,Slightly Warm,1.35
1356,2025-05-21 14:59:50.959976,31.9,74.1,0.72,30.71,1.3712,Slightly Warm,1.37
1357,2025-05-21 15:06:46.980919,32.2,73.4,0.05,31.05,2.3227,Warm,2.4
1358,2025-05-21 15:07:11.73098,32.2,73.2,0.1,31.05,2.3203,Warm,2.37
1359,2025-05-21 15:07:44.935725,32.1,72.8,0.15,31.02,2.2038,Warm,2.29
1360,2025-05-21 15:08:42.476814,32.0,73.8,0.23,30.9,1.9963,Warm,2.0
1361,2025-05-21 15:09:12.759811,32.0,73.8,0.28,30.96,1.8579,Slightly Warm,1.89
1362,2025-05-21 15:09:43.465156,32.0,73.7,0.33,30.93,1.7204,Slightly Warm,1.79
1363,2025-05-21 15:10:12.567444,32.0,74.0,0.38,30.91,1.6358,Slightly Warm,1.72
1364,2025-05-21 15:10:42.534686,32.0,73.9,0.42,30.88,1.616,Slightly Warm,1.66
1365,2025-05-21 15:11:12.534493,32.0,73.8,0.48,30.85,1.5749,Slightly Warm,1.59
1366,2025-05-21 15:11:45.761874,32.0,78.0,0.49,30.85,1.5905,Slightly Warm,1.66
1367,2025-05-21 15:12:12.925418,32.1,76.7,0.48,30.8,1.6233,Slightly Warm,1.66
1368,2025-05-21 15:12:43.090817,32.1,73.7,0.47,30.81,1.5685,Slightly Warm,1.62
1369,2025-05-21 15:13:13.208295,32.1,72.9,0.49,30.79,1.5354,Slightly Warm,1.58
1370,2025-05-21 15:13:46.794011,32.1,72.6,0.49,30.79,1.5354,Slightly Warm,1.57
1371,2025-05-21 15:14:12.996052,32.1,72.8,0.48,30.8,1.5697,Slightly Warm,1.59
1372,2025-05-21 15:14:43.32168,32.1,72.8,0.47,30.9,1.5628,Slightly Warm,1.61
1373,2025-05-21 15:15:16.867961,32.1,73.2,0.48,30.8,1.5775,Slightly Warm,1.6
1374,2025-05-21 15:15:43.578044,32.1,73.1,0.5,30.79,1.4818,Slightly Warm,1.58
1375,2025-05-21 15:16:13.604042,32.1,73.2,0.48,30.8,1.5775,Slightly Warm,1.6
1376,2025-05-21 15:16:43.728482,32.1,73.0,0.45,30.81,1.5879,Slightly Warm,1.63
1377,2025-05-21 15:17:13.969125,32.1,73.1,0.47,30.81,1.5685,Slightly Warm,1.61
1378,2025-05-21 15:17:43.750783,32.1,72.8,0.47,30.81,1.5628,Slightly Warm,1.6
1379,2025-05-21 15:18:14.065049,32.1,73.1,0.44,30.82,1.6187,Slightly Warm,1.64
1380,2025-05-21 15:18:44.148609,32.1,73.3,0.43,30.83,1.6288,Slightly Warm,1.66
1381,2025-05-21 15:19:13.845798,32.1,73.2,0.43,30.83,1.6288,Slightly Warm,1.66
1382,2025-05-21 15:19:44.156878,32.1,73.2,0.45,30.82,1.5879,Slightly Warm,1.63
1383,2025-05-21 15:20:16.901356,32.1,73.2,0.44,30.82,1.6187,Slightly Warm,1.64
1384,2025-05-21 15:20:44.790834,32.1,73.1,0.4,30.84,1.6254,Slightly Warm,1.69
1385,2025-05-21 15:21:14.4976,32.1,73.3,0.4,30.84,1.6254,Slightly Warm,1.69
1386,2025-05-21 15:21:44.575383,32.1,73.2,0.4,30.85,1.6254,Slightly Warm,1.7
1387,2025-05-21 15:22:14.69087,32.1,73.6,0.38,30.85,1.6397,Slightly Warm,1.73
1388,2025-05-21 15:22:44.942073,32.1,73.5,0.38,30.85,1.6397,Slightly Warm,1.73
1389,2025-05-21 15:23:14.895297,32.1,73.2,0.39,30.85,1.6319,Slightly Warm,1.71
1390,2025-05-21 15:23:45.006775,32.1,73.2,0.38,30.85,1.6397,Slightly Warm,1.72
1391,2025-05-21 15:24:15.372201,32.1,73.1,0.38,30.85,1.6397,Slightly Warm,1.72
1392,2025-05-21 15:24:44.997501,32.1,73.0,0.36,30.87,1.7096,Slightly Warm,1.75
1393,2025-05-21 15:25:15.335172,32.1,72.8,0.36,30.87,1.7067,Slightly Warm,1.75
1394,2025-05-21 15:25:44.994144,32.1,72.8,0.36,30.87,1.7067,Slightly Warm,1.75
1395,2025-05-21 15:26:22.419038,32.1,72.7,0.35,30.96,1.7308,Slightly Warm,1.77
1396,2025-05-21 15:26:45.08255,32.1,72.8,0.35,30.87,1.7184,Slightly Warm,1.76
1397,2025-05-21 15:27:15.526227,32.1,72.6,0.37,30.86,1.6565,Slightly Warm,1.73
1398,2025-05-21 15:27:45.45414,32.1,72.4,0.37,30.95,1.6669,Slightly Warm,1.73
1399,2025-05-21 15:28:15.517397,32.1,73.1,0.4,30.85,1.6254,Slightly Warm,1.69
1400,2025-05-21 15:28:48.324226,32.1,73.1,0.4,30.94,1.6371,Slightly Warm,1.7
1401,2025-05-21 15:29:15.715319,32.1,73.3,0.4,30.94,1.6371,Slightly Warm,1.71
1402,2025-05-21 15:29:46.079584,32.1,72.8,0.4,30.84,1.6181,Slightly Warm,1.69
1403,2025-05-21 15:30:15.813445,32.1,72.4,0.4,30.94,1.6293,Slightly Warm,1.69
1404,2025-05-21 15:30:46.465013,32.1,72.4,0.41,30.93,1.628,Slightly Warm,1.68
1405,2025-05-21 15:31:15.772762,32.1,73.1,0.43,30.92,1.6464,Slightly Warm,1.67
1406,2025-05-21 15:31:46.04072,32.1,73.1,0.46,30.9,1.572,Slightly Warm,1.63
1407,2025-05-21 15:32:15.964547,32.1,72.8,0.48,30.9,1.5697,Slightly Warm,1.6
1408,2025-05-21 16:13:52.08851,30.1,86.4,0.08,30.13,1.8683,Slightly Warm,2.02
1409,2025-05-21 16:14:22.026809,30.1,86.5,0.14,30.05,1.8644,Slightly Warm,1.96
1410,2025-05-21 16:14:52.335262,30.1,86.5,0.19,29.97,1.6744,Slightly Warm,1.77
1411,2025-05-21 16:15:22.223226,30.1,86.4,0.25,29.79,1.4915,Slightly Warm,1.58
1412,2025-05-21 16:15:52.343656,30.1,86.5,0.3,29.78,1.4121,Slightly Warm,1.48
1413,2025-05-21 16:16:23.226131,30.1,86.3,0.36,29.68,1.3126,Slightly Warm,1.36
1414,2025-05-21 16:16:52.52756,30.1,86.4,0.42,29.58,1.1458,Slightly Warm,1.28
1415,2025-05-21 16:17:22.831583,30.1,86.4,0.47,29.56,1.1221,Slightly Warm,1.21
1416,2025-05-21 16:17:52.555598,30.1,86.4,0.53,29.45,1.011,Slightly Warm,1.14
1417,2025-05-21 16:18:23.074937,30.1,86.3,0.58,29.44,0.9914,Normal,1.1
1418,2025-05-21 16:18:56.288318,30.1,86.5,0.55,29.35,0.9522,Normal,1.12
1419,2025-05-21 16:19:22.906577,30.1,86.6,0.55,29.25,0.9522,Normal,1.11
1420,2025-05-21 16:19:52.958793,30.1,86.8,0.54,29.25,0.9528,Normal,1.12
1421,2025-05-21 16:20:23.354738,30.1,86.8,0.54,29.25,0.9528,Normal,1.12
1422,2025-05-21 16:20:53.188512,30.1,86.7,0.54,29.25,0.9528,Normal,1.12
1423,2025-05-21 16:21:23.268654,30.1,86.8,0.53,29.16,0.9774,Normal,1.12
1424,2025-05-21 16:21:53.576494,30.1,87.0,0.52,29.16,0.9873,Normal,1.13
1425,2025-05-21 16:22:23.680164,30.1,87.0,0.52,29.16,0.9873,Normal,1.13
1426,2025-05-21 16:22:54.601037,30.1,87.0,0.52,29.06,0.9013,Normal,1.12
1427,2025-05-21 16:23:23.912506,30.1,86.7,0.52,29.06,0.9013,Normal,1.12
1428,2025-05-21 16:23:54.004812,30.1,86.7,0.52,29.06,0.9013,Normal,1.12
1429,2025-05-21 16:24:23.904776,30.1,86.6,0.52,29.06,0.9013,Normal,1.11
1430,2025-05-21 16:24:53.830687,30.0,86.8,0.52,29.02,0.902,Normal,1.09
1431,2025-05-21 16:25:24.342791,30.0,86.9,0.52,29.02,0.902,Normal,1.09
1432,2025-05-21 16:25:54.015007,30.0,86.8,0.52,29.02,0.902,Normal,1.09
1433,2025-05-21 16:26:24.53821,30.0,86.7,0.53,29.02,0.8963,Normal,1.08
1434,2025-05-21 16:26:54.22208,30.0,86.6,0.55,29.01,0.8748,Normal,1.06
1435,2025-05-21 16:27:24.534899,30.0,86.7,0.55,29.01,0.8748,Normal,1.06
1436,2025-05-21 16:27:54.448856,30.0,87.0,0.55,29.01,0.8748,Normal,1.06
1437,2025-05-21 16:28:24.798308,30.0,87.2,0.57,28.9,0.8322,Normal,1.04
1438,2025-05-21 16:28:54.851962,30.0,87.7,0.57,28.9,0.8322,Normal,1.05
1439,2025-05-21 16:29:24.953391,30.0,87.8,0.57,28.9,0.8322,Normal,1.05
1440,2025-05-21 16:29:54.682057,30.0,87.8,0.57,28.9,0.8322,Normal,1.05
1441,2025-05-21 16:30:24.982197,30.0,88.0,0.58,28.9,0.8297,Normal,1.04
1442,2025-05-21 16:30:54.950225,30.0,88.2,0.58,28.9,0.8297,Normal,1.05
1443,2025-05-21 16:31:25.412834,30.0,88.3,0.57,28.9,0.8322,Normal,1.06
1444,2025-05-21 16:31:55.094015,30.0,88.4,0.56,28.91,0.8377,Normal,1.07
1445,2025-05-21 16:32:25.761583,30.0,88.4,0.56,28.91,0.8377,Normal,1.07
1446,2025-05-21 16:32:55.104024,30.0,88.5,0.56,28.91,0.8377,Normal,1.07
1447,2025-05-21 16:33:25.631808,30.0,88.4,0.55,28.91,0.8334,Normal,1.08
1448,2025-05-21 16:33:55.524285,30.0,88.6,0.55,28.91,0.8334,Normal,1.08
1449,2025-05-21 16:34:25.841974,30.0,88.7,0.56,28.9,0.8377,Normal,1.07
1450,2025-05-21 16:34:55.599261,30.0,89.1,0.57,28.9,0.8409,Normal,1.07
1451,2025-05-21 16:35:26.715625,30.0,89.4,0.59,28.9,0.8058,Normal,1.06
